insert into user (user_id, password, created_at, updated_at) values
    ('cup', '123', now(), now())
;
insert into user (user_id, password, created_at, updated_at) values
    ('wan', '456', now(), now())
;
-- 유저


insert into post (user_id, title, content, created_at, updated_at) values ('cup', 'Integer tincidunt ante vel ipsum.', 'In sagittis dui vel nisl. Duis ac nibh. Fusce lacus purus, aliquet at, feugiat non, pretium quis, lectus.', '2023-02-20 09:44:01', '2023-03-04 23:59:20');
insert into post (user_id, title, content, created_at, updated_at) values ('cup', 'Etiam pretium iaculis justo.', 'Praesent id massa id nisl venenatis lacinia. Aenean sit amet justo. Morbi ut odio.', '2023-06-04 21:53:31', '2023-04-14 16:07:33');
insert into post (user_id, title, content, created_at, updated_at) values ('cup', 'Mauris ullamcorper purus sit amet nulla.', 'In congue. Etiam justo. Etiam pretium iaculis justo.', '2023-04-17 01:53:03', '2023-04-23 05:52:55');
insert into post (user_id, title, content, created_at, updated_at) values ('cup', 'Phasellus sit amet erat.', 'Nam ultrices, libero non mattis pulvinar, nulla pede ullamcorper augue, a suscipit nulla elit ac nulla. Sed vel enim sit amet nunc viverra dapibus. Nulla suscipit ligula in lacus.', '2023-03-23 13:47:59', '2023-01-31 18:16:38');
insert into post (user_id, title, content, created_at, updated_at) values ('wan', 'Vivamus tortor.', 'Quisque porta volutpat erat. Quisque erat eros, viverra eget, congue eget, semper rutrum, nulla. Nunc purus.', '2023-10-06 16:37:35', '2023-09-07 10:29:49');
insert into post (user_id, title, content, created_at, updated_at) values ('wan', 'Vivamus metus arcu, adipiscing molestie, hendrerit at, vulputate vitae, nisl.', 'In congue. Etiam justo. Etiam pretium iaculis justo.', '2023-06-23 05:09:41', '2023-08-09 04:50:55');
insert into post (user_id, title, content, created_at, updated_at) values ('cup', 'In congue.', 'Duis consequat dui nec nisi volutpat eleifend. Donec ut dolor. Morbi vel lectus in quam fringilla rhoncus.', '2023-02-11 14:38:38', '2023-11-15 07:50:04');
insert into post (user_id, title, content, created_at, updated_at) values ('wan', 'Praesent lectus.', 'Morbi porttitor lorem id ligula. Suspendisse ornare consequat lectus. In est risus, auctor sed, tristique in, tempus sit amet, sem.', '2023-10-01 02:01:55', '2023-06-14 16:28:57');
insert into post (user_id, title, content, created_at, updated_at) values ('wan', 'Donec quis orci eget orci vehicula condimentum.', 'Lorem ipsum dolor sit amet, consectetuer adipiscing elit. Proin risus. Praesent lectus.', '2023-06-19 18:55:18', '2023-12-12 08:33:15');
insert into post (user_id, title, content, created_at, updated_at) values ('cup', 'Donec semper sapien a libero.', 'Cras non velit nec nisi vulputate nonummy. Maecenas tincidunt lacus at velit. Vivamus vel nulla eget eros elementum pellentesque.', '2023-09-06 08:41:44', '2022-12-17 18:25:09');
insert into post (user_id, title, content, created_at, updated_at) values ('cup', 'Vestibulum rutrum rutrum neque.', 'Fusce consequat. Nulla nisl. Nunc nisl.', '2023-08-27 10:49:38', '2023-08-19 14:24:49');
insert into post (user_id, title, content, created_at, updated_at) values ('cup', 'Donec posuere metus vitae ipsum.', 'Proin interdum mauris non ligula pellentesque ultrices. Phasellus id sapien in sapien iaculis congue. Vivamus metus arcu, adipiscing molestie, hendrerit at, vulputate vitae, nisl.', '2023-05-24 09:17:53', '2023-01-27 00:46:28');
insert into post (user_id, title, content, created_at, updated_at) values ('cup', 'Proin risus.', 'Vestibulum ac est lacinia nisi venenatis tristique. Fusce congue, diam id ornare imperdiet, sapien urna pretium nisl, ut volutpat sapien arcu sed augue. Aliquam erat volutpat.', '2023-11-09 05:57:47', '2023-09-29 20:12:55');
insert into post (user_id, title, content, created_at, updated_at) values ('cup', 'Quisque id justo sit amet sapien dignissim vestibulum.', 'Suspendisse potenti. In eleifend quam a odio. In hac habitasse platea dictumst.', '2023-10-28 02:31:06', '2023-04-11 08:44:28');
insert into post (user_id, title, content, created_at, updated_at) values ('cup', 'Morbi quis tortor id nulla ultrices aliquet.', 'Proin eu mi. Nulla ac enim. In tempor, turpis nec euismod scelerisque, quam turpis adipiscing lorem, vitae mattis nibh ligula nec sem.', '2023-12-12 19:50:10', '2023-05-16 00:43:00');
insert into post (user_id, title, content, created_at, updated_at) values ('cup', 'Morbi vel lectus in quam fringilla rhoncus.', 'Aliquam quis turpis eget elit sodales scelerisque. Mauris sit amet eros. Suspendisse accumsan tortor quis turpis.', '2023-11-16 14:33:06', '2023-07-06 08:15:53');
insert into post (user_id, title, content, created_at, updated_at) values ('wan', 'Morbi vel lectus in quam fringilla rhoncus.', 'Curabitur at ipsum ac tellus semper interdum. Mauris ullamcorper purus sit amet nulla. Quisque arcu libero, rutrum ac, lobortis vel, dapibus at, diam.', '2023-12-01 07:26:07', '2023-11-23 03:28:31');
insert into post (user_id, title, content, created_at, updated_at) values ('wan', 'Morbi a ipsum.', 'Phasellus sit amet erat. Nulla tempus. Vivamus in felis eu sapien cursus vestibulum.', '2023-02-11 05:50:31', '2023-07-28 03:22:46');
insert into post (user_id, title, content, created_at, updated_at) values ('cup', 'Fusce consequat.', 'Maecenas tristique, est et tempus semper, est quam pharetra magna, ac consequat metus sapien ut nunc. Vestibulum ante ipsum primis in faucibus orci luctus et ultrices posuere cubilia Curae; Mauris viverra diam vitae quam. Suspendisse potenti.', '2023-12-07 04:15:57', '2023-02-23 04:50:40');
insert into post (user_id, title, content, created_at, updated_at) values ('wan', 'In sagittis dui vel nisl.', 'Proin interdum mauris non ligula pellentesque ultrices. Phasellus id sapien in sapien iaculis congue. Vivamus metus arcu, adipiscing molestie, hendrerit at, vulputate vitae, nisl.', '2023-05-22 01:19:47', '2023-01-14 11:04:27');
insert into post (user_id, title, content, created_at, updated_at) values ('wan', 'Aenean sit amet justo.', 'Praesent blandit. Nam nulla. Integer pede justo, lacinia eget, tincidunt eget, tempus vel, pede.', '2023-04-19 20:54:57', '2023-12-14 21:56:13');
insert into post (user_id, title, content, created_at, updated_at) values ('cup', 'Sed sagittis.', 'Sed ante. Vivamus tortor. Duis mattis egestas metus.', '2023-09-26 10:40:30', '2023-05-02 14:02:35');
insert into post (user_id, title, content, created_at, updated_at) values ('wan', 'Praesent blandit lacinia erat.', 'Cum sociis natoque penatibus et magnis dis parturient montes, nascetur ridiculus mus. Vivamus vestibulum sagittis sapien. Cum sociis natoque penatibus et magnis dis parturient montes, nascetur ridiculus mus.', '2023-09-02 05:51:30', '2023-03-24 15:28:19');
insert into post (user_id, title, content, created_at, updated_at) values ('cup', 'Nullam orci pede, venenatis non, sodales sed, tincidunt eu, felis.', 'Vestibulum quam sapien, varius ut, blandit non, interdum in, ante. Vestibulum ante ipsum primis in faucibus orci luctus et ultrices posuere cubilia Curae; Duis faucibus accumsan odio. Curabitur convallis.', '2023-04-22 14:43:52', '2023-05-04 02:13:56');
insert into post (user_id, title, content, created_at, updated_at) values ('cup', 'Morbi quis tortor id nulla ultrices aliquet.', 'Proin leo odio, porttitor id, consequat in, consequat ut, nulla. Sed accumsan felis. Ut at dolor quis odio consequat varius.', '2023-11-12 04:33:28', '2023-08-11 22:33:42');
insert into post (user_id, title, content, created_at, updated_at) values ('cup', 'Phasellus sit amet erat.', 'Duis bibendum. Morbi non quam nec dui luctus rutrum. Nulla tellus.', '2023-09-03 15:51:23', '2023-10-20 19:16:30');
insert into post (user_id, title, content, created_at, updated_at) values ('cup', 'Vivamus vel nulla eget eros elementum pellentesque.', 'Maecenas leo odio, condimentum id, luctus nec, molestie sed, justo. Pellentesque viverra pede ac diam. Cras pellentesque volutpat dui.', '2022-12-28 04:31:17', '2023-01-20 07:32:26');
insert into post (user_id, title, content, created_at, updated_at) values ('cup', 'Curabitur gravida nisi at nibh.', 'Quisque id justo sit amet sapien dignissim vestibulum. Vestibulum ante ipsum primis in faucibus orci luctus et ultrices posuere cubilia Curae; Nulla dapibus dolor vel est. Donec odio justo, sollicitudin ut, suscipit a, feugiat et, eros.', '2023-10-31 00:46:53', '2023-03-08 06:00:31');
insert into post (user_id, title, content, created_at, updated_at) values ('wan', 'Aenean sit amet justo.', 'Cras mi pede, malesuada in, imperdiet et, commodo vulputate, justo. In blandit ultrices enim. Lorem ipsum dolor sit amet, consectetuer adipiscing elit.', '2023-11-09 18:48:46', '2022-12-22 00:23:29');
insert into post (user_id, title, content, created_at, updated_at) values ('cup', 'Vivamus tortor.', 'Quisque id justo sit amet sapien dignissim vestibulum. Vestibulum ante ipsum primis in faucibus orci luctus et ultrices posuere cubilia Curae; Nulla dapibus dolor vel est. Donec odio justo, sollicitudin ut, suscipit a, feugiat et, eros.', '2023-01-27 06:27:32', '2023-04-17 15:42:22');
-- 질문글

insert into comment (post_id, user_id, title, content, created_at, updated_at) values (14, 'wan', 'Lorem ipsum dolor sit amet, consectetuer adipiscing elit.', 'Sed ante. Vivamus tortor. Duis mattis egestas metus.', '2022-12-28 18:52:42', '2023-08-25 10:16:25');
insert into comment (post_id, user_id, title, content, created_at, updated_at) values (2, 'wan', 'Morbi non quam nec dui luctus rutrum.', 'Morbi non lectus. Aliquam sit amet diam in magna bibendum imperdiet. Nullam orci pede, venenatis non, sodales sed, tincidunt eu, felis.', '2023-01-28 18:51:29', '2023-04-20 13:43:08');
insert into comment (post_id, user_id, title, content, created_at, updated_at) values (14, 'cup', 'Aliquam quis turpis eget elit sodales scelerisque.', 'Curabitur in libero ut massa volutpat convallis. Morbi odio odio, elementum eu, interdum eu, tincidunt in, leo. Maecenas pulvinar lobortis est.', '2023-07-15 10:53:55', '2023-06-14 12:24:06');
insert into comment (post_id, user_id, title, content, created_at, updated_at) values (27, 'cup', 'Maecenas tincidunt lacus at velit.', 'Sed ante. Vivamus tortor. Duis mattis egestas metus.', '2023-12-15 17:08:05', '2023-05-07 15:56:08');
insert into comment (post_id, user_id, title, content, created_at, updated_at) values (3, 'cup', 'Donec posuere metus vitae ipsum.', 'Aenean lectus. Pellentesque eget nunc. Donec quis orci eget orci vehicula condimentum.', '2023-11-27 09:10:06', '2023-03-16 21:56:17');
insert into comment (post_id, user_id, title, content, created_at, updated_at) values (20, 'wan', 'Aliquam sit amet diam in magna bibendum imperdiet.', 'In hac habitasse platea dictumst. Morbi vestibulum, velit id pretium iaculis, diam erat fermentum justo, nec condimentum neque sapien placerat ante. Nulla justo.', '2023-09-18 04:46:48', '2023-08-28 12:35:42');
insert into comment (post_id, user_id, title, content, created_at, updated_at) values (27, 'cup', 'Cras pellentesque volutpat dui.', 'Donec diam neque, vestibulum eget, vulputate ut, ultrices vel, augue. Vestibulum ante ipsum primis in faucibus orci luctus et ultrices posuere cubilia Curae; Donec pharetra, magna vestibulum aliquet ultrices, erat tortor sollicitudin mi, sit amet lobortis sapien sapien non mi. Integer ac neque.', '2023-04-09 07:14:13', '2023-10-03 20:44:28');
insert into comment (post_id, user_id, title, content, created_at, updated_at) values (2, 'wan', 'Aliquam non mauris.', 'Praesent blandit. Nam nulla. Integer pede justo, lacinia eget, tincidunt eget, tempus vel, pede.', '2023-06-26 09:33:31', '2023-05-08 19:53:06');
insert into comment (post_id, user_id, title, content, created_at, updated_at) values (5, 'cup', 'Duis bibendum.', 'Cras mi pede, malesuada in, imperdiet et, commodo vulputate, justo. In blandit ultrices enim. Lorem ipsum dolor sit amet, consectetuer adipiscing elit.', '2023-11-07 01:03:20', '2023-06-14 03:54:10');
insert into comment (post_id, user_id, title, content, created_at, updated_at) values (29, 'wan', 'Nulla facilisi.', 'Curabitur gravida nisi at nibh. In hac habitasse platea dictumst. Aliquam augue quam, sollicitudin vitae, consectetuer eget, rutrum at, lorem.', '2023-07-29 07:27:02', '2023-05-24 10:48:42');
insert into comment (post_id, user_id, title, content, created_at, updated_at) values (18, 'cup', 'Quisque ut erat.', 'Morbi non lectus. Aliquam sit amet diam in magna bibendum imperdiet. Nullam orci pede, venenatis non, sodales sed, tincidunt eu, felis.', '2023-02-28 16:22:44', '2022-12-18 21:40:10');
insert into comment (post_id, user_id, title, content, created_at, updated_at) values (1, 'cup', 'Morbi porttitor lorem id ligula.', 'Duis bibendum. Morbi non quam nec dui luctus rutrum. Nulla tellus.', '2023-06-05 05:58:11', '2023-03-27 15:35:32');
insert into comment (post_id, user_id, title, content, created_at, updated_at) values (10, 'wan', 'Nulla mollis molestie lorem.', 'Praesent id massa id nisl venenatis lacinia. Aenean sit amet justo. Morbi ut odio.', '2023-06-02 00:13:53', '2023-07-20 14:04:08');
insert into comment (post_id, user_id, title, content, created_at, updated_at) values (16, 'wan', 'Nullam varius.', 'Fusce posuere felis sed lacus. Morbi sem mauris, laoreet ut, rhoncus aliquet, pulvinar sed, nisl. Nunc rhoncus dui vel sem.', '2023-03-19 19:57:17', '2023-04-04 15:40:49');
insert into comment (post_id, user_id, title, content, created_at, updated_at) values (25, 'cup', 'In hac habitasse platea dictumst.', 'Curabitur at ipsum ac tellus semper interdum. Mauris ullamcorper purus sit amet nulla. Quisque arcu libero, rutrum ac, lobortis vel, dapibus at, diam.', '2023-11-04 05:32:14', '2023-05-02 17:38:35');
insert into comment (post_id, user_id, title, content, created_at, updated_at) values (2, 'cup', 'Morbi porttitor lorem id ligula.', 'Proin interdum mauris non ligula pellentesque ultrices. Phasellus id sapien in sapien iaculis congue. Vivamus metus arcu, adipiscing molestie, hendrerit at, vulputate vitae, nisl.', '2023-02-19 19:31:55', '2023-01-30 17:56:19');
insert into comment (post_id, user_id, title, content, created_at, updated_at) values (10, 'cup', 'Pellentesque viverra pede ac diam.', 'Duis bibendum. Morbi non quam nec dui luctus rutrum. Nulla tellus.', '2023-01-22 03:35:14', '2023-11-09 12:06:46');
insert into comment (post_id, user_id, title, content, created_at, updated_at) values (30, 'wan', 'Cras in purus eu magna vulputate luctus.', 'Proin eu mi. Nulla ac enim. In tempor, turpis nec euismod scelerisque, quam turpis adipiscing lorem, vitae mattis nibh ligula nec sem.', '2023-11-29 04:36:02', '2023-05-28 13:21:19');
insert into comment (post_id, user_id, title, content, created_at, updated_at) values (21, 'wan', 'Nullam porttitor lacus at turpis.', 'Praesent blandit. Nam nulla. Integer pede justo, lacinia eget, tincidunt eget, tempus vel, pede.', '2023-10-13 16:21:39', '2023-02-10 16:07:08');
insert into comment (post_id, user_id, title, content, created_at, updated_at) values (26, 'cup', 'Donec diam neque, vestibulum eget, vulputate ut, ultrices vel, augue.', 'Sed ante. Vivamus tortor. Duis mattis egestas metus.', '2023-08-10 05:42:18', '2023-07-17 10:08:34');
insert into comment (post_id, user_id, title, content, created_at, updated_at) values (5, 'wan', 'Nam dui.', 'Vestibulum quam sapien, varius ut, blandit non, interdum in, ante. Vestibulum ante ipsum primis in faucibus orci luctus et ultrices posuere cubilia Curae; Duis faucibus accumsan odio. Curabitur convallis.', '2023-01-16 08:01:51', '2023-02-10 12:20:10');
insert into comment (post_id, user_id, title, content, created_at, updated_at) values (22, 'cup', 'Integer aliquet, massa id lobortis convallis, tortor risus dapibus augue, vel accumsan tellus nisi eu orci.', 'Morbi non lectus. Aliquam sit amet diam in magna bibendum imperdiet. Nullam orci pede, venenatis non, sodales sed, tincidunt eu, felis.', '2023-10-07 00:26:11', '2023-10-22 18:55:20');
insert into comment (post_id, user_id, title, content, created_at, updated_at) values (20, 'cup', 'Phasellus id sapien in sapien iaculis congue.', 'Pellentesque at nulla. Suspendisse potenti. Cras in purus eu magna vulputate luctus.', '2023-07-11 03:46:21', '2023-06-28 04:55:59');
insert into comment (post_id, user_id, title, content, created_at, updated_at) values (22, 'wan', 'Aliquam non mauris.', 'Curabitur at ipsum ac tellus semper interdum. Mauris ullamcorper purus sit amet nulla. Quisque arcu libero, rutrum ac, lobortis vel, dapibus at, diam.', '2023-02-11 04:26:27', '2023-04-06 23:14:19');
insert into comment (post_id, user_id, title, content, created_at, updated_at) values (20, 'cup', 'Sed ante.', 'Integer ac leo. Pellentesque ultrices mattis odio. Donec vitae nisi.', '2023-07-24 03:39:49', '2023-12-07 05:54:30');
insert into comment (post_id, user_id, title, content, created_at, updated_at) values (20, 'cup', 'Maecenas ut massa quis augue luctus tincidunt.', 'Aenean lectus. Pellentesque eget nunc. Donec quis orci eget orci vehicula condimentum.', '2023-03-10 17:24:29', '2023-07-14 22:54:51');
insert into comment (post_id, user_id, title, content, created_at, updated_at) values (6, 'wan', 'Lorem ipsum dolor sit amet, consectetuer adipiscing elit.', 'Vestibulum quam sapien, varius ut, blandit non, interdum in, ante. Vestibulum ante ipsum primis in faucibus orci luctus et ultrices posuere cubilia Curae; Duis faucibus accumsan odio. Curabitur convallis.', '2023-11-02 09:33:17', '2023-12-04 12:20:34');
insert into comment (post_id, user_id, title, content, created_at, updated_at) values (29, 'wan', 'In eleifend quam a odio.', 'Curabitur gravida nisi at nibh. In hac habitasse platea dictumst. Aliquam augue quam, sollicitudin vitae, consectetuer eget, rutrum at, lorem.', '2023-05-19 23:23:27', '2023-02-28 21:03:37');
insert into comment (post_id, user_id, title, content, created_at, updated_at) values (24, 'cup', 'Donec ut dolor.', 'Curabitur in libero ut massa volutpat convallis. Morbi odio odio, elementum eu, interdum eu, tincidunt in, leo. Maecenas pulvinar lobortis est.', '2023-04-17 15:10:24', '2023-05-18 21:30:05');
insert into comment (post_id, user_id, title, content, created_at, updated_at) values (11, 'wan', 'Suspendisse potenti.', 'Sed sagittis. Nam congue, risus semper porta volutpat, quam pede lobortis ligula, sit amet eleifend pede libero quis orci. Nullam molestie nibh in lectus.', '2023-07-02 02:35:56', '2023-06-30 01:34:12');
insert into comment (post_id, user_id, title, content, created_at, updated_at) values (4, 'cup', 'In congue.', 'Mauris enim leo, rhoncus sed, vestibulum sit amet, cursus id, turpis. Integer aliquet, massa id lobortis convallis, tortor risus dapibus augue, vel accumsan tellus nisi eu orci. Mauris lacinia sapien quis libero.', '2023-08-10 18:53:26', '2023-09-30 16:02:02');
insert into comment (post_id, user_id, title, content, created_at, updated_at) values (25, 'wan', 'Pellentesque viverra pede ac diam.', 'Proin interdum mauris non ligula pellentesque ultrices. Phasellus id sapien in sapien iaculis congue. Vivamus metus arcu, adipiscing molestie, hendrerit at, vulputate vitae, nisl.', '2023-07-04 08:14:37', '2023-03-08 04:46:59');
insert into comment (post_id, user_id, title, content, created_at, updated_at) values (18, 'cup', 'Pellentesque viverra pede ac diam.', 'Pellentesque at nulla. Suspendisse potenti. Cras in purus eu magna vulputate luctus.', '2023-03-20 22:29:10', '2023-04-13 10:31:56');
insert into comment (post_id, user_id, title, content, created_at, updated_at) values (8, 'wan', 'Proin at turpis a pede posuere nonummy.', 'Phasellus in felis. Donec semper sapien a libero. Nam dui.', '2023-08-05 06:28:52', '2022-12-30 04:13:10');
insert into comment (post_id, user_id, title, content, created_at, updated_at) values (3, 'wan', 'Donec odio justo, sollicitudin ut, suscipit a, feugiat et, eros.', 'Praesent blandit. Nam nulla. Integer pede justo, lacinia eget, tincidunt eget, tempus vel, pede.', '2023-07-13 19:10:14', '2023-12-07 17:58:37');
insert into comment (post_id, user_id, title, content, created_at, updated_at) values (11, 'cup', 'Nam nulla.', 'Aliquam quis turpis eget elit sodales scelerisque. Mauris sit amet eros. Suspendisse accumsan tortor quis turpis.', '2023-11-22 08:46:36', '2023-12-14 04:27:21');
insert into comment (post_id, user_id, title, content, created_at, updated_at) values (2, 'cup', 'Vestibulum ante ipsum primis in faucibus orci luctus et ultrices posuere cubilia Curae; Nulla dapibus dolor vel est.', 'Nulla ut erat id mauris vulputate elementum. Nullam varius. Nulla facilisi.', '2023-09-14 06:45:59', '2023-05-09 23:44:01');
insert into comment (post_id, user_id, title, content, created_at, updated_at) values (14, 'wan', 'Sed ante.', 'Cras mi pede, malesuada in, imperdiet et, commodo vulputate, justo. In blandit ultrices enim. Lorem ipsum dolor sit amet, consectetuer adipiscing elit.', '2023-12-04 15:38:49', '2023-09-05 16:03:05');
insert into comment (post_id, user_id, title, content, created_at, updated_at) values (16, 'cup', 'Morbi non quam nec dui luctus rutrum.', 'Duis consequat dui nec nisi volutpat eleifend. Donec ut dolor. Morbi vel lectus in quam fringilla rhoncus.', '2023-07-17 00:53:15', '2023-06-12 16:53:54');
insert into comment (post_id, user_id, title, content, created_at, updated_at) values (27, 'cup', 'Integer pede justo, lacinia eget, tincidunt eget, tempus vel, pede.', 'Sed sagittis. Nam congue, risus semper porta volutpat, quam pede lobortis ligula, sit amet eleifend pede libero quis orci. Nullam molestie nibh in lectus.', '2023-04-25 14:24:23', '2023-09-24 01:48:27');
insert into comment (post_id, user_id, title, content, created_at, updated_at) values (10, 'cup', 'Morbi sem mauris, laoreet ut, rhoncus aliquet, pulvinar sed, nisl.', 'Proin eu mi. Nulla ac enim. In tempor, turpis nec euismod scelerisque, quam turpis adipiscing lorem, vitae mattis nibh ligula nec sem.', '2022-12-31 13:10:37', '2023-01-27 20:52:02');
insert into comment (post_id, user_id, title, content, created_at, updated_at) values (26, 'wan', 'Pellentesque at nulla.', 'Duis bibendum. Morbi non quam nec dui luctus rutrum. Nulla tellus.', '2023-10-02 22:11:24', '2023-12-13 21:50:19');
insert into comment (post_id, user_id, title, content, created_at, updated_at) values (11, 'wan', 'Morbi quis tortor id nulla ultrices aliquet.', 'Proin interdum mauris non ligula pellentesque ultrices. Phasellus id sapien in sapien iaculis congue. Vivamus metus arcu, adipiscing molestie, hendrerit at, vulputate vitae, nisl.', '2023-07-14 20:40:39', '2023-01-14 22:35:01');
insert into comment (post_id, user_id, title, content, created_at, updated_at) values (4, 'cup', 'Maecenas pulvinar lobortis est.', 'Phasellus sit amet erat. Nulla tempus. Vivamus in felis eu sapien cursus vestibulum.', '2023-10-28 16:54:18', '2023-08-17 09:01:59');
insert into comment (post_id, user_id, title, content, created_at, updated_at) values (27, 'cup', 'Vestibulum ante ipsum primis in faucibus orci luctus et ultrices posuere cubilia Curae; Donec pharetra, magna vestibulum aliquet ultrices, erat tortor sollicitudin mi, sit amet lobortis sapien sapien non mi.', 'Aliquam quis turpis eget elit sodales scelerisque. Mauris sit amet eros. Suspendisse accumsan tortor quis turpis.', '2023-07-05 00:19:12', '2023-12-06 16:38:04');
insert into comment (post_id, user_id, title, content, created_at, updated_at) values (16, 'cup', 'Suspendisse potenti.', 'Nullam porttitor lacus at turpis. Donec posuere metus vitae ipsum. Aliquam non mauris.', '2023-03-08 16:11:50', '2023-07-21 09:05:04');
insert into comment (post_id, user_id, title, content, created_at, updated_at) values (14, 'wan', 'Nulla neque libero, convallis eget, eleifend luctus, ultricies eu, nibh.', 'Proin eu mi. Nulla ac enim. In tempor, turpis nec euismod scelerisque, quam turpis adipiscing lorem, vitae mattis nibh ligula nec sem.', '2023-01-05 11:22:34', '2023-08-02 19:26:18');
insert into comment (post_id, user_id, title, content, created_at, updated_at) values (25, 'cup', 'In tempor, turpis nec euismod scelerisque, quam turpis adipiscing lorem, vitae mattis nibh ligula nec sem.', 'Aenean lectus. Pellentesque eget nunc. Donec quis orci eget orci vehicula condimentum.', '2023-01-19 17:53:14', '2023-04-30 19:23:46');
insert into comment (post_id, user_id, title, content, created_at, updated_at) values (22, 'wan', 'Curabitur convallis.', 'Pellentesque at nulla. Suspendisse potenti. Cras in purus eu magna vulputate luctus.', '2023-12-03 14:36:11', '2023-09-18 00:05:02');
insert into comment (post_id, user_id, title, content, created_at, updated_at) values (17, 'cup', 'Nam dui.', 'Aenean lectus. Pellentesque eget nunc. Donec quis orci eget orci vehicula condimentum.', '2023-06-11 03:02:00', '2023-02-13 06:48:46');
-- 답글


